frame_nmr,car_id,car_bbox,license_plate_bbox,license_plate_bbox_score,license_number,license_number_score
159,1,249.40823224101678 335.6744640087992 1945.0792284067015 1611.2588334153434,790.9953002929688 1302.0491943359375 1402.8883056640625 1470.0340576171875,0.7739582061767578,18로7571,0.7362006442563073
160,1,239.41405249955207 336.3159778807829 1935.753065512992 1612.0723607402235,777.6685180664062 1302.3834885817307 1389.8594078650842 1470.6258169320913,0,0,0
161,1,229.41987275808737 336.9574917527666 1926.4269026192826 1612.8858880651037,764.3417358398438 1302.717782827524 1376.8305100661057 1471.2175762469951,0,0,0
162,1,219.42569301662266 337.59900562475036 1917.100739725573 1613.6994153899839,751.0149536132812 1303.0520770733174 1363.8016122671274 1471.809335561899,0,0,0
163,1,209.43151327515795 338.24051949673407 1907.7745768318637 1614.512942714864,737.6881713867188 1303.3863713191106 1350.772714468149 1472.401094876803,0,0,0
164,1,199.43733353369325 338.88203336871777 1898.448413938154 1615.3264700397442,724.3613891601562 1303.7206655649038 1337.7438166691707 1472.9928541917068,0,0,0
165,1,189.44315379222854 339.5235472407015 1889.1222510444445 1616.1399973646244,711.0346069335938 1304.054959810697 1324.7149188701924 1473.5846135066106,0,0,0
166,1,179.4489740507638 340.16506111268524 1879.7960881507352 1616.9535246895048,697.7078247070312 1304.3892540564905 1311.6860210712139 1474.1763728215144,0,0,0
167,1,169.45479430929913 340.80657498466894 1870.4699252570256 1617.767052014385,684.3810424804688 1304.7235483022837 1298.6571232722356 1474.7681321364182,0,0,0
168,1,159.4606145678344 341.44808885665265 1861.143762363316 1618.5805793392651,671.0542602539062 1305.057842548077 1285.6282254732573 1475.359891451322,0,0,0
169,1,149.46643482636972 342.08960272863635 1851.8175994696066 1619.3941066641453,657.7274780273438 1305.3921367938701 1272.5993276742788 1475.951650766226,0,0,0
170,1,139.472255084905 342.7311166006201 1842.491436575897 1620.2076339890255,644.4006958007812 1305.7264310396636 1259.5704298753005 1476.5434100811299,0,0,0
171,1,129.47807534344028 343.3726304726038 1833.1652736821877 1621.0211613139056,631.0739135742188 1306.0607252854568 1246.541532076322 1477.1351693960337,0,0,0
172,1,119.48389560197558 344.0141443445875 1823.8391107884781 1621.8346886387858,617.7471313476562 1306.39501953125 1233.5126342773438 1477.7269287109375,0,0,0
173,1,109.48971586051087 344.6556582165712 1814.5129478947686 1622.648215963666,604.4203491210938 1306.7293137770432 1220.4837364783655 1478.3186880258413,0,0,0
174,1,99.49553611904616 345.29717208855493 1805.1867850010592 1623.4617432885461,591.0935668945312 1307.0636080228364 1207.454838679387 1478.9104473407451,0,0,0
175,1,89.50135637758146 345.9386859605387 1795.8606221073496 1624.2752706134263,577.7667846679688 1307.3979022686299 1194.4259408804087 1479.502206655649,0,0,0
176,1,79.50717663611675 346.5801998325224 1786.5344592136403 1625.0887979383065,564.4400024414062 1307.732196514423 1181.3970430814302 1480.093965970553,0,0,0
177,1,69.51299689465205 347.2217137045061 1777.2082963199307 1625.9023252631866,551.1132202148438 1308.0664907602163 1168.368145282452 1480.6857252854568,0,0,0
178,1,59.51881715318734 347.8632275764898 1767.8821334262211 1626.7158525880668,537.7864379882812 1308.4007850060095 1155.3392474834736 1481.2774846003606,0,0,0
179,1,49.52463741172264 348.50474144847357 1758.5559705325118 1627.5293799129472,524.4596557617188 1308.735079251803 1142.3103496844951 1481.8692439152644,0,0,0
180,1,39.53045767025793 349.14625532045727 1749.2298076388022 1628.3429072378274,511.13287353515625 1309.0693734975962 1129.2814518855168 1482.4610032301682,0,0,0
181,1,29.536277928793226 349.787769192441 1739.9036447450926 1629.1564345627075,497.80609130859375 1309.4036677433894 1116.2525540865386 1483.052762545072,0,0,0
182,1,19.54209818732852 350.4292830644247 1730.5774818513833 1629.9699618875877,484.47930908203125 1309.7379619891826 1103.22365628756 1483.644521859976,0,0,0
183,1,9.547918445863786 351.07079693640844 1721.2513189576737 1630.7834892124679,471.15252685546875 1310.072256234976 1090.1947584885818 1484.2362811748799,0,0,0
184,1,-0.44626129560091954 351.71231080839215 1711.9251560639643 1631.597016537348,457.82574462890625 1310.4065504807693 1077.1658606896035 1484.8280404897837,0,0,0
185,1,-10.440441037065625 352.35382468037585 1702.5989931702547 1632.4105438622282,444.49896240234375 1310.7408447265625 1064.136962890625 1485.4197998046875,0.7746291160583496,18로7571,0.6904570027990413
186,1,-11.559568014992465 353.3831258120548 1693.528362838307 1631.9877824517102,432.5167236328125 1311.0194091796875 1052.912841796875 1488.2706298828125,0.7920299172401428,18로7571,0.9955865686082224
187,1,-11.714365060814771 354.0679347409513 1683.170531022115 1632.0907768006625,417.2274983723958 1311.3994547526042 1038.4759114583333 1488.9019775390625,0,0,0
188,1,-11.869162106637077 354.7527436698477 1672.812699205923 1632.1937711496148,401.9382731119792 1311.7795003255208 1024.0389811197917 1489.5333251953125,0,0,0
189,1,-12.023959152459383 355.4375525987441 1662.4548673897311 1632.296765498567,386.6490478515625 1312.1595458984375 1009.60205078125 1490.1646728515625,0,0,0
190,1,-12.17875619828169 356.1223615276406 1652.0970355735392 1632.3997598475194,371.3598225911458 1312.5395914713542 995.1651204427084 1490.7960205078125,0,0,0
191,1,-12.333553244103996 356.80717045653705 1641.7392037573472 1632.5027541964716,356.0705973307292 1312.9196370442708 980.7281901041666 1491.4273681640625,0,0,0
192,1,-12.488350289926302 357.49197938543347 1631.3813719411553 1632.605748545424,340.7813720703125 1313.2996826171875 966.291259765625 1492.0587158203125,0,0,0
193,1,-12.643147335748608 358.1767883143299 1621.0235401249633 1632.7087428943762,325.49214680989587 1313.6797281901042 951.8543294270834 1492.6900634765625,0,0,0
194,1,-12.797944381570915 358.86159724322636 1610.6657083087714 1632.8117372433285,310.2029215494792 1314.0597737630208 937.4173990885416 1493.3214111328125,0,0,0
195,1,-12.95274142739322 359.54640617212283 1600.3078764925795 1632.9147315922808,294.9136962890625 1314.4398193359375 922.98046875 1493.9527587890625,0,0,0
196,1,-13.107538473215527 360.23121510101925 1589.9500446763875 1633.017725941233,279.62447102864587 1314.8198649088542 908.5435384114584 1494.5841064453125,0,0,0
197,1,-13.262335519037833 360.91602402991566 1579.5922128601956 1633.1207202901853,264.3352457682292 1315.1999104817708 894.1066080729167 1495.2154541015625,0,0,0
198,1,-13.41713256486014 361.60083295881213 1569.2343810440036 1633.2237146391376,249.0460205078125 1315.5799560546875 879.669677734375 1495.8468017578125,0.7735676765441895,18로7571,0.8145094954909847
0,3,389.64404296875 259.054443359375 2068.07958984375 1564.779541015625,876.4030151367188 1240.8807373046875 1411.5316162109375 1420.2325439453125,0.75257408618927,396두4690,0.8696969110207761
1,3,384.8776485388951 260.18761819077963 2064.000859513405 1565.6595928171437,865.470703125 1239.1055908203125 1403.98681640625 1423.505126953125,0.7578458786010742,396두4690,0.8391211079411227
2,3,378.0840482076811 261.54938947776566 2059.3532383580296 1567.1940292386885,854.4830932617188 1244.323974609375 1395.5809326171875 1422.46240234375,0.7565096616744995,396두4690,0.6013730595122246
3,3,372.70475950852165 262.98167485666283 2053.949653767306 1568.2110650691816,831.6106567382812 1246.9671630859375 1386.8402099609375 1422.9139404296875,0.758416473865509,396두4690,0.6511933671706506
4,3,366.296126237821 263.5944113653886 2047.900563589991 1569.1124570635359,839.8233032226562 1244.566162109375 1380.96875 1426.797119140625,0.7615720629692078,396두4690,0.6114343837326554
5,3,359.339114553478 266.51792087476485 2043.5064399288794 1573.2263424363323,836.3251342773438 1246.689208984375 1376.0504150390625 1427.3719482421875,0.7598185539245605,396두4690,0.8419933532308128
6,3,352.70748150112934 269.15226661325244 2037.591051476843 1575.581428822852,817.7708129882812 1247.44189453125 1367.884765625 1428.70458984375,0.7553173899650574,396두4690,0.4878316561822217
7,3,345.7416465493594 270.53465534438897 2028.6804985978738 1576.210281030337,833.361328125 1247.030029296875 1358.501953125 1428.708740234375,0.7581403851509094,396두4690,0.45747072455923754
8,3,338.39099389823684 269.62196744295034 2020.0440574321528 1575.1984871523885,807.5209350585938 1248.4886474609375 1347.328857421875 1428.1597900390625,0.7580728530883789,396두4690,0.9758237460981753
9,3,330.125154041158 270.95757013392983 2010.7118178322685 1576.2588146440667,786.5987548828125 1248.99072265625 1334.860107421875 1427.9122314453125,0.7603228092193604,396두4690,0.8142000776672933
10,3,322.6949566061637 271.401257731368 2001.4120832820693 1575.214243944342,800.1800537109375 1247.8231201171875 1328.6773681640625 1429.3721923828125,0.7594199180603027,396두4690,0.9274148056990588
11,3,314.54500985492496 272.3933949473152 1994.2507205376592 1575.7749506232335,775.8218994140625 1249.6015625 1322.4993896484375 1431.7408447265625,0.7572222352027893,396두4690,0.7521610048099904
12,3,306.2254848295888 273.4190096111279 1986.7999262008066 1576.3649815906178,769.1262817382812 1251.15673828125 1309.888916015625 1428.411865234375,0.7534975409507751,396두4690,0.663611370467405
13,3,298.10780564843003 273.9467411429292 1980.2260570428277 1576.7355408288558,763.3209838867188 1248.7249755859375 1304.1822509765625 1430.8128662109375,0.7601308822631836,396두4690,0.6199297622907655
14,3,288.93494857550866 273.86795486777567 1974.4494894496452 1576.8509353689228,754.8034057617188 1250.1043701171875 1291.093994140625 1434.2271728515625,0.7623341083526611,396두4690,0.7212410273166153
15,3,280.27446027242627 274.72450179587474 1967.6870110050374 1577.5446229991576,738.0546875 1249.583251953125 1283.1142578125 1433.0933837890625,0.7620730400085449,396두4690,0.7073554529786275
16,3,270.3973804835406 275.20095293769225 1959.9572224843591 1577.6920564328411,736.4251098632812 1248.611328125 1274.6202392578125 1433.8465576171875,0.7612241506576538,396두4690,0.7971220376018224
17,3,260.4585966380905 275.3234748511462 1952.6499639859153 1577.5992207635627,718.0274047851562 1248.6673583984375 1259.8704833984375 1430.2252197265625,0.7575495839118958,396두4690,0.7048932820751742
18,3,251.16019078696058 273.2016431418965 1944.7270882091632 1574.3098517306964,710.8331909179688 1249.742919921875 1244.26953125 1428.5611572265625,0.756654679775238,396두4690,0.4767231948339238
19,3,241.50310886726174 272.86240430302155 1937.4259043051356 1572.8081799583954,695.2340698242188 1250.6483154296875 1233.432861328125 1427.4964599609375,0.7582245469093323,396두4690,0.7438092927387767
20,3,230.93133615825366 272.73163240520535 1930.173519151041 1571.4028105018413,692.568603515625 1248.9207763671875 1220.564208984375 1428.79833984375,0.7582667469978333,396두4690,0.7320558032900791
21,3,219.2278732539296 273.07978362487665 1922.3809102643138 1571.021147418668,677.5211791992188 1246.8504638671875 1209.7025146484375 1429.1693115234375,0.7569191455841064,396두4690,0.686161337982496
22,3,207.9546104533082 272.5159733964657 1915.7544091660807 1569.7906508357537,653.0013427734375 1246.604736328125 1195.8201904296875 1428.815185546875,0.7604994177818298,396두4690,0.7351495469853975
23,3,193.7845688502374 272.59203654007104 1907.531265320802 1570.7586682179335,636.1666259765625 1245.5633544921875 1185.937255859375 1428.5985107421875,0.7623882293701172,396두4690,0.7364839576763359
24,3,179.26428469273242 271.7955977103512 1898.6737949951976 1570.3704244411956,621.3008422851562 1247.1947021484375 1169.19580078125 1422.4288330078125,0.7512384653091431,396두4690,0.7441331166946795
154,5,1984.3680676358094 227.5730998001817 3835.591220744765 1465.7443903331682,3111.419677734375 1152.022705078125 3592.030517578125 1341.576416015625,0.7657795548439026,30루2170,0.6683644695889928
155,5,1979.5504667557532 228.43553595376426 3834.7403287617403 1466.9173155681854,3100.4487915039062 1153.5390930175781 3584.5435791015625 1343.7453918457031,0,0,0
156,5,1974.732865875697 229.29797210734682 3833.889436778715 1468.0902408032025,3089.4779052734375 1155.0554809570312 3577.056640625 1345.9143676757812,0,0,0
157,5,1969.9152649956409 230.1604082609294 3833.0385447956905 1469.2631660382197,3078.5070190429688 1156.5718688964844 3569.5697021484375 1348.0833435058594,0,0,0
158,5,1965.0976641155846 231.02284441451195 3832.187652812666 1470.4360912732368,3067.5361328125 1158.0882568359375 3562.082763671875 1350.2523193359375,0.766866147518158,30루2170,0.5586283110761777
159,5,1960.4652706827476 232.0212369872375 3826.6870066809574 1471.7974164881907,3058.241845703125 1160.7920654296875 3552.556884765625 1351.9836181640626,0,0,0
160,5,1955.8328772499106 233.01962955996308 3821.186360549249 1473.1587417031449,3048.94755859375 1163.4958740234374 3543.031005859375 1353.7149169921875,0,0,0
161,5,1951.2004838170733 234.01802213268863 3815.68571441754 1474.5200669180988,3039.653271484375 1166.1996826171876 3533.505126953125 1355.4462158203125,0,0,0
162,5,1946.5680903842363 235.0164147054142 3810.1850682858317 1475.881392133053,3030.358984375 1168.9034912109375 3523.979248046875 1357.1775146484374,0,0,0
163,5,1941.9356969513992 236.01480727813976 3804.6844221541232 1477.2427173480069,3021.064697265625 1171.6072998046875 3514.453369140625 1358.9088134765625,0.7715782523155212,30루2170,0.9045146187138455
164,5,1937.5830464403816 237.40844141502546 3797.4371062840037 1479.1201154210391,3011.3565266927085 1173.1561889648438 3505.285115559896 1360.8781127929688,0,0,0
165,5,1933.2303959293642 238.8020755519112 3790.1897904138837 1480.9975134940712,3001.6483561197915 1174.705078125 3496.1168619791665 1362.847412109375,0,0,0
166,5,1928.8777454183469 240.1957096887969 3782.942474543764 1482.8749115671035,2991.940185546875 1176.2539672851562 3486.9486083984375 1364.8167114257812,0,0,0
167,5,1924.5250949073293 241.58934382568262 3775.6951586736445 1484.7523096401358,2982.2320149739585 1177.8028564453125 3477.7803548177085 1366.7860107421875,0,0,0
168,5,1920.1724443963117 242.98297796256836 3768.4478428035245 1486.6297077131678,2972.5238444010415 1179.3517456054688 3468.612101236979 1368.7553100585938,0,0,0
169,5,1915.8197938852943 244.37661209945406 3761.200526933405 1488.5071057862,2962.815673828125 1180.900634765625 3459.44384765625 1370.724609375,0.7737529277801514,30루2170,0.9899000777410217
170,5,1911.8382434150813 245.11180077196684 3753.6777045530876 1490.6014671082526,2955.05126953125 1183.0699462890625 3446.90185546875 1372.0626220703125,0.7742030024528503,30루2170,0.9956428562057411
171,5,1907.1553097751994 245.9968430798391 3744.802775059866 1491.708683029055,2943.2314453125 1184.7327880859375 3437.32177734375 1373.113525390625,0,0,0
172,5,1902.4723761353173 246.88188538771135 3735.9278455666445 1492.8158989498575,2931.41162109375 1186.3956298828125 3427.74169921875 1374.1644287109375,0.7745294570922852,30루2170,0.9906975200696253
173,5,1899.2012762294466 247.64816075384545 3727.444718361081 1493.8214364967769,2920.860107421875 1186.09814453125 3415.8128662109375 1375.6179809570312,0,0,0
174,5,1895.9301763235758 248.41443611997954 3718.961591155517 1494.8269740436963,2910.30859375 1185.8006591796875 3403.884033203125 1377.071533203125,0.7737577557563782,30루2170,0.7780017616772505
175,5,1891.2466672380012 248.4216801149406 3709.458717860523 1495.0695832411052,2899.1162719726562 1185.1351318359375 3393.3864135742188 1377.2535095214844,0,0,0
176,5,1886.5631581524267 248.4289241099017 3699.9558445655284 1495.312192438514,2887.9239501953125 1184.4696044921875 3382.8887939453125 1377.4354858398438,0,0,0
177,5,1881.879649066852 248.43616810486276 3690.4529712705344 1495.554801635923,2876.7316284179688 1183.8040771484375 3372.3911743164062 1377.6174621582031,0,0,0
178,5,1877.1961399812774 248.44341209982383 3680.9500979755403 1495.797410833332,2865.539306640625 1183.1385498046875 3361.8935546875 1377.7994384765625,0.775486409664154,30루2170,0.9062207474407308
179,5,1870.670510901259 248.47429002886508 3668.7849508131276 1496.2374902060938,2860.1630859375 1184.6048583984375 3352.1923828125 1377.271728515625,0.7748879194259644,30루2170,0.7517416420882734
180,5,1867.653793759394 248.76993350915754 3660.2301140750437 1496.699708466182,2849.88232421875 1185.3523559570312 3341.959269205729 1377.9342041015625,0,0,0
181,5,1864.6370766175287 249.06557698944997 3651.67527733696 1497.1619267262706,2839.6015625 1186.099853515625 3331.7261555989585 1378.5966796875,0,0,0
182,5,1861.6203594756635 249.36122046974242 3643.1204405988765 1497.624144986359,2829.32080078125 1186.8473510742188 3321.4930419921875 1379.2591552734375,0,0,0
183,5,1858.6036423337985 249.65686395003488 3634.5656038607926 1498.0863632464473,2819.0400390625 1187.5948486328125 3311.2599283854165 1379.921630859375,0,0,0
184,5,1855.5869251919335 249.9525074303273 3626.010767122709 1498.5485815065358,2808.75927734375 1188.3423461914062 3301.026814778646 1380.5841064453125,0,0,0
185,5,1852.5702080500682 250.24815091061976 3617.455930384625 1499.0107997666241,2798.478515625 1189.08984375 3290.793701171875 1381.24658203125,0.7745307683944702,30루2170,0.5093531640334723
186,5,1849.8355467452266 251.36132838862738 3608.206198670554 1499.951674111951,2781.052734375 1185.4549560546875 3279.06982421875 1382.60009765625,0.77351975440979,30루2170,0.8616321358494595
187,5,1846.2934333678545 252.57259632209926 3597.817785137963 1500.7707346737216,2770.3221028645835 1186.5909830729167 3268.414306640625 1383.714599609375,0,0,0
188,5,1842.7513199904827 253.78386425557116 3587.429371605372 1501.5897952354921,2759.5914713541665 1187.7270100911458 3257.7587890625 1384.8291015625,0,0,0
189,5,1839.2092066131106 254.99513218904303 3577.040958072781 1502.4088557972627,2748.86083984375 1188.863037109375 3247.103271484375 1385.943603515625,0.7791407704353333,30루2170,0.8921483823847015
190,5,1827.1480661681953 255.1053288040417 3563.971315013843 1503.369847662685,2733.5256426581022 1189.5972005909887 3232.474816684065 1386.6214157630657,0,0,0
191,5,1815.0869257232798 255.21552541904035 3550.9016719549054 1504.3308395281076,2718.190445472454 1190.3313640726024 3217.8463618837554 1387.2992280105066,0,0,0
192,5,1803.0257852783645 255.32572203403902 3537.832028895967 1505.29183139353,2702.8552482868063 1191.065527554216 3203.2179070834454 1387.9770402579472,0,0,0
193,5,1790.964644833449 255.4359186490377 3524.7623858370293 1506.2528232589525,2687.5200511011585 1191.7996910358297 3188.589452283136 1388.654852505388,0,0,0
194,5,1778.9035043885337 255.54611526403636 3511.6927427780915 1507.2138151243748,2672.1848539155103 1192.5338545174434 3173.960997482826 1389.3326647528286,0,0,0
195,5,1766.8423639436182 255.656311879035 3498.6230997191537 1508.1748069897974,2656.8496567298625 1193.268017999057 3159.3325426825163 1390.0104770002695,0,0,0
196,5,1754.781223498703 255.76650849403367 3485.553456660216 1509.1357988552197,2641.514459544215 1194.0021814806707 3144.7040878822063 1390.6882892477101,0,0,0
197,5,1742.7200830537877 255.87670510903234 3472.4838136012777 1510.0967907206423,2626.179262358567 1194.7363449622844 3130.0756330818967 1391.3661014951508,0,0,0
198,5,1730.6589426088722 255.98690172403101 3459.41417054234 1511.0577825860646,2610.844065172919 1195.470508443898 3115.4471782815867 1392.0439137425915,0,0,0
199,5,1718.5978021639569 256.0970983390297 3446.344527483402 1512.0187744514872,2595.508867987271 1196.2046719255118 3100.8187234812767 1392.7217259900324,0,0,0
200,5,1706.5366617190414 256.2072949540283 3433.2748844244643 1512.9797663169095,2580.1736708016233 1196.9388354071255 3086.190268680967 1393.399538237473,0,0,0
201,5,1694.475521274126 256.31749156902697 3420.2052413655265 1513.940758182332,2564.838473615975 1197.6729988887391 3071.561813880657 1394.0773504849137,0,0,0
202,5,1682.4143808292106 256.42768818402567 3407.1355983065882 1514.9017500477544,2549.5032764303273 1198.4071623703528 3056.9333590803476 1394.7551627323546,0,0,0
203,5,1670.3532403842953 256.5378847990243 3394.0659552476504 1515.862741913177,2534.1680792446796 1199.1413258519665 3042.3049042800376 1395.4329749797953,0,0,0
204,5,1658.29209993938 256.64808141402295 3380.9963121887126 1516.8237337785993,2518.8328820590314 1199.8754893335804 3027.676449479728 1396.110787227236,0,0,0
205,5,1646.2309594944645 256.75827802902165 3367.926669129775 1517.7847256440218,2503.4976848733836 1200.609652815194 3013.047994679418 1396.7885994746766,0,0,0
206,5,1634.1698190495492 256.8684746440203 3354.8570260708366 1518.7457175094441,2488.162487687736 1201.3438162968077 2998.4195398791085 1397.4664117221175,0,0,0
207,5,1622.1086786046337 256.978671259019 3341.787383011899 1519.7067093748667,2472.8272905020876 1202.0779797784214 2983.7910850787985 1398.1442239695582,0,0,0
208,5,1610.0475381597184 257.08886787401764 3328.717739952961 1520.667701240289,2457.49209331644 1202.812143260035 2969.162630278489 1398.8220362169989,0,0,0
209,5,1597.986397714803 257.1990644890163 3315.648096894023 1521.6286931057116,2442.156896130792 1203.5463067416488 2954.534175478179 1399.4998484644398,0,0,0
210,5,1585.9252572698877 257.309261104015 3302.5784538350854 1522.589684971134,2426.821698945144 1204.2804702232625 2939.905720677869 1400.1776607118804,0,0,0
211,5,1573.8641168249724 257.4194577190136 3289.5088107761476 1523.5506768365565,2411.486501759496 1205.0146337048761 2925.2772658775593 1400.855472959321,0,0,0
212,5,1561.8029763800569 257.52965433401226 3276.4391677172093 1524.5116687019788,2396.1513045738484 1205.7487971864898 2910.6488110772493 1401.5332852067618,0,0,0
213,5,1549.7418359351416 257.63985094901096 3263.3695246582715 1525.4726605674014,2380.8161073882006 1206.4829606681035 2896.0203562769398 1402.2110974542027,0,0,0
214,5,1537.680695490226 257.7500475640096 3250.2998815993337 1526.4336524328237,2365.4809102025524 1207.2171241497172 2881.3919014766298 1402.8889097016433,0,0,0
215,5,1525.6195550453108 257.86024417900825 3237.230238540396 1527.3946442982462,2350.1457130169047 1207.9512876313308 2866.76344667632 1403.566721949084,0,0,0
216,5,1513.5584146003953 257.97044079400695 3224.1605954814577 1528.3556361636686,2334.810515831257 1208.6854511129445 2852.13499187601 1404.2445341965247,0,0,0
217,5,1501.49727415548 258.0806374090056 3211.09095242252 1529.3166280290911,2319.4753186456087 1209.4196145945582 2837.5065370757006 1404.9223464439656,0,0,0
218,5,1489.4361337105647 258.1908340240043 3198.021309363582 1530.2776198945135,2304.140121459961 1210.1537780761719 2822.8780822753906 1405.6001586914062,0,0,0
219,5,1477.3749932656492 258.30103063900293 3184.9516663046443 1531.2386117599358,2288.804924274313 1210.8879415577856 2808.249627475081 1406.277970938847,0,0,0
220,5,1465.313852820734 258.4112272540016 3171.8820232457065 1532.1996036253583,2273.469727088665 1211.6221050393992 2793.621172674771 1406.9557831862878,0,0,0
221,5,1453.2527123758184 258.5214238690003 3158.812380186768 1533.1605954907807,2258.134529903017 1212.356268521013 2778.992717874461 1407.6335954337285,0,0,0
222,5,1441.1915719309031 258.6316204839989 3145.7427371278304 1534.1215873562032,2242.7993327173695 1213.0904320026266 2764.3642630741515 1408.3114076811692,0,0,0
223,5,1429.1304314859876 258.74181709899756 3132.6730940688926 1535.0825792216256,2227.4641355317217 1213.8245954842403 2749.7358082738415 1408.9892199286098,0,0,0
224,5,1417.0692910410723 258.85201371399626 3119.603451009955 1536.0435710870481,2212.1289383460735 1214.558758965854 2735.107353473532 1409.6670321760507,0,0,0
225,5,1405.008150596157 258.9622103289949 3106.5338079510166 1537.0045629524705,2196.7937411604257 1215.2929224474676 2720.478898673222 1410.3448444234914,0,0,0
226,5,1392.9470101512416 259.07240694399354 3093.4641648920788 1537.965554817893,2181.458543974778 1216.0270859290813 2705.8504438729124 1411.022656670932,0,0,0
227,5,1380.8858697063263 259.18260355899224 3080.394521833141 1538.9265466833153,2166.1233467891298 1216.761249410695 2691.2219890726024 1411.7004689183727,0,0,0
228,5,1368.8247292614108 259.2928001739909 3067.324878774203 1539.887538548738,2150.788149603482 1217.4954128923087 2676.5935342722923 1412.3782811658136,0,0,0
229,5,1356.7635888164955 259.4029967889895 3054.2552357152654 1540.8485304141602,2135.4529524178342 1218.2295763739223 2661.965079471983 1413.0560934132543,0,0,0
230,5,1344.70244837158 259.5131934039882 3041.1855926563276 1541.8095222795828,2120.117755232186 1218.963739855536 2647.3366246716732 1413.733905660695,0,0,0
231,5,1332.6413079266647 259.62339001898687 3028.1159495973893 1542.770514145005,2104.7825580465383 1219.6979033371497 2632.708169871363 1414.4117179081359,0,0,0
232,5,1320.5801674817494 259.73358663398557 3015.0463065384515 1543.7315060104277,2089.4473608608905 1220.4320668187634 2618.079715071053 1415.0895301555765,0,0,0
233,5,1308.519027036834 259.8437832489842 3001.9766634795137 1544.69249787585,2074.1121636752423 1221.1662303003773 2603.4512602707437 1415.7673424030172,0,0,0
234,5,1296.4578865919184 259.95397986398285 2988.907020420576 1545.6534897412726,2058.7769664895945 1221.900393781991 2588.8228054704337 1416.4451546504579,0,0,0
235,5,1284.3967461470031 260.06417647898155 2975.8373773616377 1546.6144816066949,2043.4417693039468 1222.6345572636046 2574.194350670124 1417.1229668978988,0,0,0
236,5,1272.3356057020878 260.1743730939802 2962.7677343027 1547.5754734721174,2028.1065721182988 1223.3687207452183 2559.565895869814 1417.8007791453394,0,0,0
237,5,1260.2744652571723 260.28456970897884 2949.698091243762 1548.5364653375398,2012.7713749326508 1224.102884226832 2544.9374410695045 1418.4785913927801,0,0,0
238,5,1248.213324812257 260.39476632397754 2936.6284481848243 1549.4974572029623,1997.436177747003 1224.8370477084457 2530.3089862691945 1419.156403640221,0,0,0
239,5,1236.1521843673418 260.5049629389762 2923.5588051258865 1550.4584490683847,1982.100980561355 1225.5712111900593 2515.6805314688845 1419.8342158876617,0,0,0
240,5,1224.0910439224263 260.6151595539748 2910.4891620669487 1551.4194409338072,1966.765783375707 1226.305374671673 2501.052076668575 1420.5120281351024,0,0,0
241,5,1212.0299034775107 260.7253561689735 2897.4195190080104 1552.3804327992295,1951.4305861900593 1227.0395381532867 2486.423621868265 1421.189840382543,0,0,0
242,5,1199.9687630325955 260.83555278397216 2884.3498759490726 1553.341424664652,1936.0953890044116 1227.7737016349004 2471.7951670679554 1421.867652629984,0,0,0
243,5,1187.9076225876802 260.94574939897086 2871.280232890135 1554.3024165300744,1920.7601918187634 1228.507865116514 2457.1667122676454 1422.5454648774246,0,0,0
244,5,1175.8464821427647 261.0559460139695 2858.2105898311966 1555.263408395497,1905.4249946331156 1229.2420285981277 2442.538257467336 1423.2232771248653,0,0,0
245,5,1163.7853416978494 261.16614262896815 2845.1409467722588 1556.2244002609193,1890.0897974474678 1229.9761920797414 2427.909802667026 1423.901089372306,0,0,0
246,5,1151.724201252934 261.27633924396685 2832.071303713321 1557.1853921263419,1874.7546002618199 1230.710355561355 2413.281347866716 1424.5789016197468,0,0,0
247,5,1139.6630608080186 261.3865358589655 2819.001660654383 1558.1463839917642,1859.4194030761719 1231.4445190429688 2398.6528930664062 1425.2567138671875,0,0,0
248,5,1127.601920363103 261.49673247396413 2805.9320175954454 1559.1073758571865,1844.0842058905241 1232.1786825245824 2384.0244382660967 1425.9345261146282,0,0,0
249,5,1115.5407799181878 261.60692908896283 2792.8623745365076 1560.068367722609,1828.7490087048761 1232.912846006196 2369.3959834657867 1426.612338362069,0,0,0
250,5,1103.4796394732725 261.71712570396147 2779.7927314775693 1561.0293595880314,1813.4138115192281 1233.6470094878098 2354.7675286654767 1427.2901506095097,0,0,0
251,5,1091.418499028357 261.8273223189601 2766.7230884186315 1561.990351453454,1798.0786143335804 1234.3811729694235 2340.139073865167 1427.9679628569504,0,0,0
252,5,1079.3573585834417 261.9375189339588 2753.6534453596937 1562.9513433188763,1782.7434171479324 1235.1153364510371 2325.510619064857 1428.645775104391,0,0,0
253,5,1067.2962181385265 262.04771554895746 2740.583802300756 1563.9123351842989,1767.4082199622844 1235.8494999326508 2310.8821642645476 1429.323587351832,0,0,0
254,5,1055.235077693611 262.15791216395615 2727.5141592418177 1564.8733270497212,1752.0730227766367 1236.5836634142645 2296.2537094642375 1430.0013995992726,0,0,0
255,5,1043.1739372486954 262.2681087789548 2714.44451618288 1565.8343189151437,1736.737825590989 1237.3178268958782 2281.625254663928 1430.6792118467133,0,0,0
256,5,1031.1127968037802 262.37830539395344 2701.374873123942 1566.795310780566,1721.402628405341 1238.0519903774918 2266.996799863618 1431.357024094154,0,0,0
257,5,1019.0516563588649 262.48850200895214 2688.3052300650043 1567.7563026459886,1706.067431219693 1238.7861538591055 2252.368345063308 1432.0348363415949,0,0,0
258,5,1006.9905159139495 262.5986986239508 2675.2355870060665 1568.717294511411,1690.732234034045 1239.5203173407192 2237.7398902629984 1432.7126485890356,0,0,0
259,5,994.9293754690341 262.7088952389494 2662.1659439471287 1569.6782863768335,1675.3970368483972 1240.2544808223329 2223.111435462689 1433.3904608364762,0,0,0
260,5,982.8682350241187 262.8190918539481 2649.0963008881904 1570.6392782422558,1660.0618396627492 1240.9886443039466 2208.482980662379 1434.0682730839171,0,0,0
261,5,970.8070945792033 262.92928846894677 2636.0266578292526 1571.6002701076784,1644.7266424771014 1241.7228077855602 2193.854525862069 1434.7460853313578,0,0,0
262,5,958.7459541342879 263.0394850839454 2622.957014770315 1572.5612619731007,1629.3914452914535 1242.4569712671741 2179.2260710617593 1435.4238975787985,0,0,0
263,5,946.6848136893725 263.1496816989441 2609.887371711377 1573.5222538385233,1614.0562481058055 1243.1911347487878 2164.5976162614493 1436.1017098262391,0,0,0
264,5,934.6236732444572 263.25987831394275 2596.8177286524387 1574.4832457039456,1598.7210509201577 1243.9252982304015 2149.9691614611393 1436.77952207368,0,0,0
265,5,922.5625327995418 263.37007492894145 2583.748085593501 1575.4442375693682,1583.3858537345097 1244.6594617120152 2135.3407066608297 1437.4573343211207,0,0,0
266,5,910.5013923546264 263.4802715439401 2570.678442534563 1576.4052294347905,1568.0506565488618 1245.3936251936288 2120.71225186052 1438.1351465685614,0,0,0
267,5,898.440251909711 263.59046815893873 2557.6087994756253 1577.366221300213,1552.715459363214 1246.1277886752425 2106.08379706021 1438.8129588160023,0,0,0
268,5,886.3791114647956 263.70066477393743 2544.5391564166875 1578.3272131656354,1537.380262177566 1246.8619521568562 2091.4553422599 1439.490771063443,0,0,0
269,5,874.3179710198802 263.8108613889361 2531.4695133577497 1579.288205031058,1522.0450649919183 1247.5961156384699 2076.8268874595906 1440.1685833108836,0,0,0
270,5,862.2568305749649 263.9210580039347 2518.3998702988115 1580.2491968964803,1506.7098678062703 1248.3302791200836 2062.198432659281 1440.8463955583243,0,0,0
271,5,850.1956901300496 264.0312546189334 2505.3302272398737 1581.2101887619028,1491.3746706206223 1249.0644426016972 2047.569977858971 1441.5242078057652,0,0,0
272,5,838.1345496851342 264.14145123393206 2492.260584180936 1582.1711806273252,1476.0394734349745 1249.798606083311 2032.9415230586612 1442.2020200532058,0,0,0
273,5,826.0734092402188 264.2516478489307 2479.1909411219976 1583.1321724927477,1460.7042762493265 1250.5327695649246 2018.3130682583512 1442.8798323006465,0,0,0
274,5,814.0122687953033 264.3618444639294 2466.12129806306 1584.09316435817,1445.3690790636788 1251.2669330465383 2003.6846134580414 1443.5576445480872,0,0,0
275,5,801.951128350388 264.47204107892804 2453.051655004122 1585.0541562235926,1430.0338818780308 1252.001096528152 1989.0561586577317 1444.235456795528,0,0,0
276,5,789.8899879054727 264.5822376939267 2439.9820119451842 1586.015148089015,1414.6986846923828 1252.7352600097656 1974.4277038574219 1444.9132690429688,0,0,0
277,5,777.8288474605572 264.6924343089254 2426.9123688862464 1586.9761399544373,1399.363487506735 1253.4694234913793 1959.799249057112 1445.5910812904094,0,0,0
278,5,765.7677070156419 264.802630923924 2413.8427258273086 1587.9371318198598,1384.028290321087 1254.203586972993 1945.1707942568023 1446.2688935378503,0,0,0
279,5,753.7065665707264 264.9128275389227 2400.773082768371 1588.8981236852821,1368.693093135439 1254.9377504546067 1930.5423394564925 1446.946705785291,0,0,0
280,5,741.6454261258111 265.02302415392137 2387.7034397094326 1589.8591155507047,1353.3578959497913 1255.6719139362203 1915.9138846561827 1447.6245180327317,0,0,0
281,5,729.5842856808956 265.13322076892 2374.633796650495 1590.820107416127,1338.0226987641433 1256.406077417834 1901.285429855873 1448.3023302801723,0,0,0
282,5,717.5231452359803 265.2434173839187 2361.5641535915565 1591.7810992815496,1322.6875015784956 1257.1402408994477 1886.6569750555632 1448.9801425276132,0,0,0
283,5,705.462004791065 265.35361399891735 2348.4945105326187 1592.742091146972,1307.3523043928476 1257.8744043810614 1872.0285202552532 1449.657954775054,0,0,0
284,5,693.4008643461495 265.463810613916 2335.424867473681 1593.7030830123945,1292.0171072071996 1258.608567862675 1857.4000654549434 1450.3357670224946,0,0,0
285,5,681.3397239012343 265.5740072289147 2322.355224414743 1594.6640748778168,1276.6819100215519 1259.3427313442887 1842.7716106546336 1451.0135792699352,0,0,0
286,5,669.2785834563188 265.68420384391334 2309.2855813558053 1595.6250667432394,1261.3467128359039 1260.0768948259024 1828.1431558543238 1451.6913915173761,0,0,0
287,5,657.2174430114035 265.794400458912 2296.2159382968675 1596.5860586086617,1246.0115156502561 1260.811058307516 1813.514701054014 1452.3692037648168,0,0,0
288,5,645.156302566488 265.9045970739107 2283.1462952379297 1597.5470504740842,1230.6763184646081 1261.5452217891298 1798.8862462537043 1453.0470160122575,0,0,0
289,5,633.0951621215727 266.0147936889093 2270.076652178992 1598.5080423395066,1215.3411212789601 1262.2793852707434 1784.2577914533945 1453.7248282596984,0,0,0
290,5,621.0340216766574 266.124990303908 2257.0070091200537 1599.4690342049291,1200.0059240933124 1263.013548752357 1769.6293366530847 1454.402640507139,0,0,0
291,5,608.9728812317419 266.23518691890666 2243.937366061116 1600.4300260703515,1184.6707269076644 1263.747712233971 1755.000881852775 1455.0804527545797,0,0,0
292,5,596.9117407868266 266.3453835339053 2230.8677230021776 1601.391017935774,1169.3355297220164 1264.4818757155847 1740.3724270524651 1455.7582650020204,0,0,0
293,5,584.8506003419111 266.455580148904 2217.79807994324 1602.3520098011963,1154.0003325363687 1265.2160391971984 1725.7439722521551 1456.4360772494613,0,0,0
294,5,572.7894598969958 266.56577676390265 2204.728436884302 1603.313001666619,1138.6651353507207 1265.950202678812 1711.1155174518453 1457.113889496902,0,0,0
295,5,560.7283194520803 266.6759733789013 2191.6587938253642 1604.2739935320412,1123.329938165073 1266.6843661604257 1696.4870626515356 1457.7917017443426,0,0,0
296,5,548.667179007165 266.7861699939 2178.5891507664264 1605.2349853974638,1107.994740979425 1267.4185296420394 1681.8586078512258 1458.4695139917835,0,0,0
297,5,536.6060385622498 266.89636660889863 2165.5195077074886 1606.1959772628861,1092.659543793777 1268.152693123653 1667.230153050916 1459.1473262392242,0,0,0
298,5,524.5448981173342 267.0065632238973 2152.449864648551 1607.1569691283087,1077.3243466081292 1268.8868566052668 1652.6016982506062 1459.8251384866649,0,0,0
299,5,512.483757672419 267.116759838896 2139.3802215896126 1608.117960993731,1061.9891494224812 1269.6210200868804 1637.9732434502964 1460.5029507341055,0,0,0
300,5,500.42261722750345 267.2269564538946 2126.310578530675 1609.0789528591536,1046.6539522368332 1270.355183568494 1623.3447886499866 1461.1807629815464,0,0,0
301,5,488.36147678258817 267.3371530688933 2113.240935471737 1610.039944724576,1031.3187550511855 1271.0893470501078 1608.7163338496769 1461.858575228987,0,0,0
302,5,476.30033633767266 267.44734968389196 2100.1712924127987 1611.0009365899984,1015.9835578655375 1271.8235105317215 1594.087879049367 1462.5363874764278,0,0,0
303,5,464.2391958927574 267.5575462988906 2087.101649353861 1611.9619284554208,1000.6483606798897 1272.5576740133351 1579.459424249057 1463.2141997238684,0,0,0
304,5,452.1780554478421 267.6677429138893 2074.032006294923 1612.9229203208433,985.3131634942417 1273.2918374949488 1564.8309694487473 1463.8920119713093,0,0,0
305,5,440.1169150029266 267.77793952888794 2060.9623632359853 1613.8839121862657,969.9779663085938 1274.0260009765625 1550.2025146484375 1464.56982421875,0.7758148312568665,50루2170,0.4985773130110896
153,24,1704.80563380881 349.91310851940335 2068.9491581324014 692.5533465476608,1880.1778564453125 557.8970947265625 1987.5743408203125 605.44580078125,0.28030750155448914,59로0734,0.3208467125640217
154,24,1701.6925463214357 350.3183776827198 2067.045000501893 693.6463186657111,1876.3744303385417 557.8082275390625 1983.8950602213542 604.807373046875,0,0,0
155,24,1698.5794588340614 350.72364684603633 2065.1408428713844 694.7392907837615,1872.5710042317708 557.7193603515625 1980.2157796223958 604.1689453125,0,0,0
156,24,1695.466371346687 351.1289160093528 2063.236685240876 695.8322629018118,1868.767578125 557.6304931640625 1976.5364990234375 603.530517578125,0.31495487689971924,559로0734,0.8241270708493749
157,24,1692.0280416891756 350.98178577407737 2061.1763134738458 695.7188068387655,1858.3692626953125 562.43505859375 1980.9254150390625 613.1552734375,0.4114731550216675,459로0734,0.24535300311898156
158,24,1688.7829018399825 351.1191901858698 2060.5040508335046 696.1505184296392,1856.2276611328125 563.4452514648438 1978.40771484375 613.3956909179688,0.4014515280723572,59로0734,0.4052782607823454
159,24,1686.747226054732 351.59068479887554 2060.009002416892 696.9435556273204,1855.805419921875 562.4111938476562 1978.500732421875 616.2866821289062,0.4426219165325165,59로0734,0.35017779788172915
160,24,1685.6625009341562 352.5234580638215 2059.3485510436803 697.6460498611242,1853.9827880859375 562.8966674804688 1978.47509765625 616.2728271484375,0.45024633407592773,59로0734,0.8074749681173337
161,24,1684.8998923423728 353.073295422304 2057.320106435364 697.9836143809242,1853.9944661458333 563.6363525390625 1976.5826416015625 617.0175984700521,0,0,0
162,24,1684.1372837505894 353.62313278078653 2055.291661827048 698.3211789007241,1854.0061442057292 564.3760375976562 1974.690185546875 617.7623697916666,0,0,0
163,24,1683.374675158806 354.172970139269 2053.2632172187314 698.6587434205242,1854.017822265625 565.11572265625 1972.7977294921875 618.5071411132812,0,0,0
164,24,1682.6120665670226 354.72280749775155 2051.234772610415 698.9963079403242,1854.0295003255208 565.8554077148438 1970.9052734375 619.2519124348959,0,0,0
165,24,1681.849457975239 355.272644856234 2049.2063280020984 699.3338724601241,1854.0411783854167 566.5950927734375 1969.0128173828125 619.9966837565104,0,0,0
166,24,1681.0868493834555 355.82248221471656 2047.1778833937822 699.6714369799241,1854.0528564453125 567.3347778320312 1967.120361328125 620.741455078125,0,0,0
167,24,1680.324240791672 356.37231957319904 2045.149438785466 700.0090014997241,1854.0645345052083 568.074462890625 1965.2279052734375 621.4862263997396,0,0,0
168,24,1679.5616321998887 356.92215693168157 2043.1209941771494 700.3465660195241,1854.0762125651042 568.8141479492188 1963.33544921875 622.2309977213541,0,0,0
169,24,1678.7990236081052 357.47199429016405 2041.0925495688332 700.6841305393241,1854.087890625 569.5538330078125 1961.4429931640625 622.9757690429688,0.31179818511009216,259로0736,0.3642667980736674
452,73,2285.913442094682 465.1747733352224 3835.5392804370276 1505.016359685594,3402.77783203125 1188.244873046875 3828.140625 1346.6519775390625,0.7650191187858582,54더2527,0.5252899539199122
453,73,2280.5011544784174 465.06311404333223 3835.9669939282594 1505.0826396593945,3393.031180245536 1188.5935930524554 3817.5923897879466 1345.4375523158483,0,0,0
454,73,2275.0888668621533 464.951454751442 3836.394707419491 1505.1489196331954,3383.2845284598216 1188.9423130580358 3807.0441545758927 1344.2231270926338,0,0,0
455,73,2269.6765792458887 464.8397954595518 3836.822420910723 1505.215199606996,3373.5378766741073 1189.2910330636162 3796.495919363839 1343.0087018694196,0,0,0
456,73,2264.264291629624 464.7281361676616 3837.2501344019547 1505.281479580797,3363.7912248883927 1189.6397530691963 3785.947684151786 1341.7942766462054,0,0,0
457,73,2258.8520040133594 464.6164768757714 3837.6778478931865 1505.3477595545976,3354.0445731026784 1189.9884730747767 3775.3994489397323 1340.5798514229912,0,0,0
458,73,2253.4397163970953 464.50481758388116 3838.1055613844183 1505.4140395283985,3344.297921316964 1190.337193080357 3764.8512137276784 1339.3654261997767,0,0,0
459,73,2248.0274287808306 464.39315829199097 3838.53327487565 1505.480319502199,3334.55126953125 1190.6859130859375 3754.302978515625 1338.1510009765625,0.7647114992141724,52더2527,0.2703620933782185
460,73,2236.9162294607904 462.8445996630561 3836.039803851884 1503.4177385128642,3323.7899076021636 1188.657245342548 3743.537391075721 1336.4956618088943,0,0,0
461,73,2225.8050301407507 461.29604103412123 3833.546332828117 1501.3551575235294,3313.028545673077 1186.6285775991587 3732.7718036358174 1334.840322641226,0,0,0
462,73,2214.6938308207104 459.74748240518636 3831.052861804351 1499.2925765341945,3302.2671837439902 1184.5999098557693 3722.0062161959136 1333.1849834735576,0,0,0
463,73,2203.5826315006702 458.19892377625155 3828.559390780584 1497.2299955448598,3291.505821814904 1182.5712421123799 3711.2406287560098 1331.5296443058894,0,0,0
464,73,2192.4714321806305 456.6503651473167 3826.065919756818 1495.1674145555248,3280.7444598858174 1180.5425743689905 3700.475041316106 1329.8743051382212,0,0,0
465,73,2181.3602328605903 455.1018065183818 3823.5724487330517 1493.1048335661899,3269.983097956731 1178.513906625601 3689.709453876202 1328.218965970553,0,0,0
466,73,2170.24903354055 453.55324788944694 3821.078977709285 1491.0422525768552,3259.221736027644 1176.4852388822114 3678.943866436298 1326.5636268028845,0,0,0
467,73,2159.13783422051 452.00468926051207 3818.585506685519 1488.9796715875202,3248.4603740985576 1174.456571138822 3668.178278996394 1324.9082876352163,0,0,0
468,73,2148.02663490047 450.4561306315772 3816.0920356617526 1486.9170905981853,3237.699012169471 1172.4279033954326 3657.4126915564902 1323.252948467548,0,0,0
469,73,2136.91543558043 448.9075720026424 3813.598564637986 1484.8545096088505,3226.9376502403848 1170.3992356520432 3646.6471041165864 1321.5976092998799,0,0,0
470,73,2125.8042362603896 447.3590133737075 3811.1050936142196 1482.7919286195156,3216.176288311298 1168.3705679086538 3635.8815166766826 1319.9422701322114,0,0,0
471,73,2114.69303694035 445.81045474477264 3808.611622590453 1480.7293476301809,3205.4149263822114 1166.3419001652644 3625.115929236779 1318.2869309645432,0,0,0
472,73,2103.5818376203097 444.26189611583777 3806.1181515666867 1478.666766640846,3194.653564453125 1164.313232421875 3614.350341796875 1316.631591796875,0.761138379573822,52더2527,0.2005465048016495
473,73,2095.8410963161755 444.0359899752016 3794.325979808969 1478.5655511448474,3181.8133133597994 1164.4242699664571 3601.5505158797555 1316.458419136379,0,0,0
474,73,2088.100355012041 443.8100838345654 3782.533808051251 1478.464335648849,3168.9730622664742 1164.5353075110395 3588.750689962636 1316.2852464758832,0,0,0
475,73,2080.3596137079066 443.58417769392923 3770.7416362935332 1478.3631201528506,3156.1328111731486 1164.6463450556216 3575.9508640455165 1316.1120738153872,0,0,0
476,73,2072.6188724037725 443.35827155329304 3758.9494645358154 1478.261904656852,3143.2925600798235 1164.7573826002038 3563.1510381283965 1315.9389011548913,0,0,0
477,73,2064.878131099638 443.13236541265684 3747.157292778097 1478.1606891608537,3130.452308986498 1164.8684201447861 3550.351212211277 1315.7657284943955,0,0,0
478,73,2057.1373897955036 442.90645927202064 3735.3651210203793 1478.0594736648552,3117.6120578931727 1164.9794576893682 3537.5513862941575 1315.5925558338995,0,0,0
479,73,2049.3966484913694 442.68055313138444 3723.5729492626615 1477.9582581688567,3104.771806799847 1165.0904952339504 3524.751560377038 1315.4193831734035,0,0,0
480,73,2041.655907187235 442.4546469907483 3711.7807775049437 1477.8570426728584,3091.9315557065215 1165.2015327785325 3511.9517344599185 1315.2462105129075,0,0,0
481,73,2033.9151658831006 442.2287408501121 3699.988605747226 1477.7558271768598,3079.0913046131964 1165.3125703231149 3499.151908542799 1315.0730378524117,0,0,0
482,73,2026.1744245789664 442.0028347094759 3688.196433989508 1477.6546116808613,3066.2510535198708 1165.423607867697 3486.3520826256795 1314.8998651919158,0,0,0
483,73,2018.433683274832 441.7769285688397 3676.40426223179 1477.5533961848628,3053.4108024265456 1165.5346454122791 3473.55225670856 1314.7266925314198,0,0,0
484,73,2010.6929419706976 441.5510224282035 3664.6120904740724 1477.4521806888645,3040.57055133322 1165.6456829568615 3460.75243079144 1314.553519870924,0,0,0
485,73,2002.9522006665634 441.32511628756737 3652.819918716354 1477.350965192866,3027.730300239895 1165.7567205014436 3447.9526048743205 1314.380347210428,0,0,0
486,73,1995.211459362429 441.09921014693117 3641.0277469586363 1477.2497496968674,3014.8900491465693 1165.8677580460258 3435.152778957201 1314.207174549932,0,0,0
487,73,1987.4707180582948 440.873304006295 3629.2355752009184 1477.148534200869,3002.0497980532436 1165.9787955906081 3422.3529530400815 1314.0340018894362,0,0,0
488,73,1979.7299767541604 440.6473978656588 3617.4434034432006 1477.0473187048706,2989.2095469599185 1166.0898331351902 3409.553127122962 1313.8608292289402,0,0,0
489,73,1971.989235450026 440.4214917250226 3605.651231685483 1476.946103208872,2976.369295866593 1166.2008706797724 3396.7533012058425 1313.6876565684443,0,0,0
490,73,1964.2484941458918 440.19558558438644 3593.859059927765 1476.8448877128737,2963.5290447732677 1166.3119082243545 3383.953475288723 1313.5144839079483,0,0,0
491,73,1956.5077528417573 439.96967944375024 3582.066888170047 1476.7436722168752,2950.688793679942 1166.4229457689369 3371.1536493716035 1313.3413112474525,0,0,0
492,73,1948.767011537623 439.74377330311404 3570.2747164123293 1476.6424567208767,2937.848542586617 1166.533983313519 3358.3538234544835 1313.1681385869565,0,0,0
493,73,1941.0262702334887 439.51786716247784 3558.482544654611 1476.5412412248784,2925.0082914932914 1166.6450208581011 3345.553997537364 1312.9949659264605,0,0,0
494,73,1933.2855289293543 439.29196102184164 3546.690372896893 1476.4400257288798,2912.1680403999662 1166.7560584026835 3332.7541716202445 1312.8217932659647,0,0,0
495,73,1925.5447876252201 439.06605488120545 3534.8982011391754 1476.3388102328813,2899.3277893066406 1166.8670959472656 3319.954345703125 1312.6486206054688,0,0,0
496,73,1917.8040463210857 438.8401487405693 3523.1060293814576 1476.237594736883,2886.487538213315 1166.9781334918478 3307.1545197860055 1312.4754479449728,0,0,0
497,73,1910.0633050169513 438.6142425999331 3511.3138576237398 1476.1363792408845,2873.64728711999 1167.0891710364301 3294.354693868886 1312.302275284477,0,0,0
498,73,1902.322563712817 438.3883364592969 3499.521685866022 1476.035163744886,2860.8070360266643 1167.2002085810122 3281.5548679517665 1312.129102623981,0,0,0
499,73,1894.5818224086827 438.1624303186607 3487.729514108304 1475.9339482488876,2847.966784933339 1167.3112461255944 3268.755042034647 1311.955929963485,0,0,0
500,73,1886.8410811045483 437.9365241780245 3475.9373423505863 1475.8327327528891,2835.1265338400135 1167.4222836701767 3255.955216117527 1311.7827573029892,0,0,0
501,73,1879.100339800414 437.7106180373884 3464.1451705928685 1475.7315172568906,2822.2862827466884 1167.5333212147589 3243.1553902004075 1311.6095846424932,0,0,0
502,73,1871.3595984962797 437.4847118967522 3452.35299883515 1475.630301760892,2809.4460316533628 1167.644358759341 3230.355564283288 1311.4364119819973,0,0,0
503,73,1863.6188571921452 437.258805756116 3440.5608270774324 1475.5290862648937,2796.6057805600376 1167.7553963039231 3217.5557383661685 1311.2632393215013,0,0,0
504,73,1855.878115888011 437.0328996154798 3428.7686553197145 1475.4278707688952,2783.765529466712 1167.8664338485055 3204.755912449049 1311.0900666610055,0,0,0
505,73,1848.1373745838766 436.8069934748436 3416.9764835619967 1475.3266552728967,2770.9252783733864 1167.9774713930876 3191.9560865319295 1310.9168940005095,0,0,0
506,73,1840.3966332797422 436.58108733420744 3405.184311804279 1475.2254397768984,2758.0850272800612 1168.0885089376698 3179.15626061481 1310.7437213400135,0,0,0
507,73,1832.655891975608 436.35518119357124 3393.392140046561 1475.1242242808999,2745.2447761867356 1168.1995464822521 3166.35643469769 1310.5705486795177,0,0,0
508,73,1824.9151506714736 436.12927505293504 3381.5999682888432 1475.0230087849013,2732.4045250934105 1168.3105840268342 3153.5566087805705 1310.3973760190217,0,0,0
509,73,1817.1744093673394 435.90336891229884 3369.807796531125 1474.921793288903,2719.564274000085 1168.4216215714164 3140.756782863451 1310.2242033585258,0,0,0
510,73,1809.433668063205 435.67746277166265 3358.015624773407 1474.8205777929045,2706.7240229067593 1168.5326591159987 3127.9569569463315 1310.05103069803,0,0,0
511,73,1801.6929267590708 435.4515566310265 3346.2234530156893 1474.719362296906,2693.883771813434 1168.6436966605809 3115.157131029212 1309.877858037534,0,0,0
512,73,1793.9521854549364 435.2256504903903 3334.4312812579715 1474.6181468009077,2681.0435207201085 1168.754734205163 3102.3573051120925 1309.704685377038,0,0,0
513,73,1786.211444150802 434.9997443497541 3322.6391095002537 1474.5169313049091,2668.2032696267834 1168.8657717497451 3089.557479194973 1309.531512716542,0,0,0
514,73,1778.4707028466678 434.7738382091179 3310.846937742536 1474.4157158089106,2655.3630185334578 1168.9768092943275 3076.757653277853 1309.3583400560462,0,0,0
515,73,1770.7299615425334 434.5479320684817 3299.054765984818 1474.3145003129123,2642.5227674401326 1169.0878468389096 3063.957827360734 1309.1851673955503,0,0,0
516,73,1762.989220238399 434.3220259278456 3287.2625942271 1474.2132848169138,2629.682516346807 1169.1988843834918 3051.158001443614 1309.0119947350543,0,0,0
517,73,1755.2484789342648 434.0961197872094 3275.4704224693824 1474.1120693209152,2616.842265253482 1169.3099219280741 3038.3581755264945 1308.8388220745585,0,0,0
518,73,1747.5077376301304 433.8702136465732 3263.678250711664 1474.010853824917,2604.0020141601562 1169.4209594726562 3025.558349609375 1308.6656494140625,0,0,0
519,73,1739.766996325996 433.644307505937 3251.8860789539463 1473.9096383289184,2591.1617630668306 1169.5319970172384 3012.7585236922555 1308.4924767535665,0,0,0
520,73,1732.0262550218617 433.4184013653008 3240.0939071962284 1473.8084228329199,2578.3215119735055 1169.6430345618207 2999.958697775136 1308.3193040930707,0,0,0
521,73,1724.2855137177273 433.19249522466464 3228.3017354385106 1473.7072073369213,2565.48126088018 1169.7540721064029 2987.1588718580165 1308.1461314325747,0,0,0
522,73,1716.544772413593 432.96658908402844 3216.509563680793 1473.605991840923,2552.6410097868547 1169.865109650985 2974.359045940897 1307.9729587720788,0,0,0
523,73,1708.8040311094587 432.74068294339224 3204.717391923075 1473.5047763449245,2539.800758693529 1169.9761471955674 2961.559220023777 1307.799786111583,0,0,0
524,73,1701.0632898053243 432.51477680275605 3192.925220165357 1473.403560848926,2526.9605076002035 1170.0871847401495 2948.7593941066575 1307.626613451087,0,0,0
525,73,1693.32254850119 432.28887066211985 3181.133048407639 1473.3023453529277,2514.1202565068784 1170.1982222847316 2935.959568189538 1307.453440790591,0,0,0
526,73,1685.5818071970557 432.0629645214837 3169.3408766499215 1473.2011298569291,2501.280005413553 1170.3092598293138 2923.1597422724185 1307.280268130095,0,0,0
527,73,1677.8410658929215 431.8370583808475 3157.548704892203 1473.0999143609306,2488.4397543202276 1170.4202973738961 2910.359916355299 1307.1070954695992,0,0,0
528,73,1670.100324588787 431.6111522402113 3145.7565331344854 1472.9986988649323,2475.599503226902 1170.5313349184783 2897.5600904381795 1306.9339228091033,0,0,0
529,73,1662.3595832846527 431.3852460995751 3133.9643613767676 1472.8974833689338,2462.759252133577 1170.6423724630604 2884.76026452106 1306.7607501486073,0,0,0
530,73,1654.6188419805185 431.1593399589389 3122.1721896190497 1472.7962678729352,2449.9190010402513 1170.7534100076427 2871.96043860394 1306.5875774881115,0,0,0
531,73,1646.878100676384 430.9334338183028 3110.380017861332 1472.695052376937,2437.078749946926 1170.8644475522249 2859.160612686821 1306.4144048276155,0,0,0
532,73,1639.1373593722496 430.7075276776666 3098.587846103614 1472.5938368809384,2424.2384988536005 1170.975485096807 2846.360786769701 1306.2412321671195,0,0,0
533,73,1631.3966180681155 430.4816215370304 3086.7956743458963 1472.4926213849399,2411.398247760275 1171.0865226413894 2833.5609608525815 1306.0680595066237,0,0,0
534,73,1623.655876763981 430.2557153963942 3075.003502588178 1472.3914058889416,2398.5579966669497 1171.1975601859715 2820.761134935462 1305.8948868461277,0,0,0
535,73,1615.9151354598466 430.029809255758 3063.21133083046 1472.290190392943,2385.717745573624 1171.3085977305536 2807.9613090183425 1305.7217141856318,0,0,0
536,73,1608.1743941557124 429.80390311512184 3051.4191590727423 1472.1889748969445,2372.877494480299 1171.4196352751358 2795.161483101223 1305.5485415251358,0,0,0
537,73,1600.433652851578 429.57799697448564 3039.6269873150245 1472.087759400946,2360.0372433869734 1171.5306728197181 2782.361657184103 1305.37536886464,0,0,0
538,73,1592.6929115474436 429.35209083384945 3027.8348155573067 1471.9865439049477,2347.196992293648 1171.6417103643003 2769.561831266984 1305.202196204144,0,0,0
539,73,1584.9521702433094 429.12618469321325 3016.042643799589 1471.8853284089491,2334.3567412003226 1171.7527479088824 2756.762005349864 1305.029023543648,0,0,0
540,73,1577.211428939175 428.90027855257705 3004.250472041871 1471.7841129129506,2321.5164901069975 1171.8637854534647 2743.9621794327445 1304.8558508831522,0,0,0
541,73,1569.4706876350406 428.6743724119409 2992.458300284153 1471.6828974169523,2308.676239013672 1171.9748229980469 2731.162353515625 1304.6826782226562,0,0,0
542,73,1561.7299463309064 428.4484662713047 2980.6661285264354 1471.5816819209538,2295.8359879203463 1172.085860542629 2718.3625275985055 1304.5095055621603,0,0,0
543,73,1553.9892050267722 428.2225601306685 2968.873956768717 1471.4804664249552,2282.995736827021 1172.1968980872114 2705.562701681386 1304.3363329016645,0,0,0
544,73,1546.2484637226376 427.9966539900323 2957.0817850109993 1471.379250928957,2270.1554857336955 1172.3079356317935 2692.7628757642665 1304.1631602411685,0,0,0
545,73,1538.5077224185034 427.7707478493961 2945.2896132532815 1471.2780354329584,2257.3152346403704 1172.4189731763756 2679.963049847147 1303.9899875806725,0,0,0
546,73,1530.7669811143692 427.5448417087599 2933.4974414955636 1471.1768199369599,2244.4749835470448 1172.530010720958 2667.163223930027 1303.8168149201767,0,0,0
547,73,1523.0262398102348 427.3189355681238 2921.705269737846 1471.0756044409616,2231.634732453719 1172.6410482655401 2654.3633980129075 1303.6436422596807,0,0,0
548,73,1515.2854985061003 427.0930294274876 2909.913097980128 1470.974388944963,2218.794481360394 1172.7520858101223 2641.563572095788 1303.4704695991848,0,0,0
549,73,1507.5447572019661 426.8671232868514 2898.12092622241 1470.8731734489645,2205.954230267069 1172.8631233547044 2628.7637461786685 1303.2972969386888,0,0,0
550,73,1499.8040158978317 426.6412171462152 2886.328754464692 1470.7719579529662,2193.1139791737432 1172.9741608992867 2615.963920261549 1303.124124278193,0,0,0
551,73,1492.0632745936973 426.415311005579 2874.5365827069745 1470.6707424569677,2180.2737280804176 1173.0851984438689 2603.1640943444295 1302.950951617697,0,0,0
552,73,1484.3225332895631 426.18940486494284 2862.7444109492562 1470.5695269609691,2167.433476987092 1173.196235988451 2590.36426842731 1302.777778957201,0,0,0
553,73,1476.5817919854287 425.96349872430665 2850.9522391915384 1470.4683114649708,2154.593225893767 1173.3072735330334 2577.56444251019 1302.6046062967052,0,0,0
554,73,1468.8410506812943 425.73759258367045 2839.1600674338206 1470.3670959689723,2141.7529748004417 1173.4183110776155 2564.764616593071 1302.4314336362092,0,0,0
555,73,1461.10030937716 425.51168644303425 2827.3678956761028 1470.2658804729738,2128.912723707116 1173.5293486221976 2551.964790675951 1302.2582609757133,0,0,0
556,73,1453.3595680730257 425.28578030239805 2815.575723918385 1470.1646649769752,2116.0724726137905 1173.64038616678 2539.1649647588315 1302.0850883152175,0,0,0
557,73,1445.6188267688913 425.0598741617619 2803.783552160667 1470.063449480977,2103.2322215204654 1173.7514237113621 2526.365138841712 1301.9119156547215,0,0,0
558,73,1437.878085464757 424.8339680211257 2791.9913804029493 1469.9622339849784,2090.39197042714 1173.8624612559443 2513.5653129245925 1301.7387429942255,0,0,0
559,73,1430.137344160623 424.6080618804895 2780.199208645231 1469.8610184889799,2077.5517193338146 1173.9734988005264 2500.765487007473 1301.5655703337295,0,0,0
560,73,1422.3966028564882 424.3821557398533 2768.4070368875136 1469.7598029929816,2064.711468240489 1174.0845363451087 2487.965661090353 1301.3923976732337,0,0,0
561,73,1414.655861552354 424.1562495992171 2756.6148651297954 1469.658587496983,2051.8712171471634 1174.1955738896909 2475.165835173234 1301.2192250127378,0,0,0
562,73,1406.9151202482199 423.930343458581 2744.8226933720775 1469.5573720009845,2039.0309660538383 1174.306611434273 2462.366009256114 1301.0460523522418,0,0,0
563,73,1399.1743789440854 423.7044373179448 2733.0305216143597 1469.4561565049862,2026.1907149605129 1174.4176489788554 2449.566183338995 1300.872879691746,0,0,0
564,73,1391.433637639951 423.4785311773086 2721.238349856642 1469.3549410089877,2013.3504638671875 1174.5286865234375 2436.766357421875 1300.69970703125,0.7397077679634094,54더2527,0.45255041203530627
565,73,1383.538842046562 423.96640290702896 2713.5499458073946 1470.872783862167,2002.5066528320312 1175.1011962890625 2427.94775390625 1305.2510986328125,0,0,0
566,73,1375.644046453173 424.45427463674935 2705.8615417581473 1472.3906267153461,1991.662841796875 1175.6737060546875 2419.129150390625 1309.802490234375,0.744928240776062,54더2527,0.3450627657307112
567,73,1369.2650935512042 425.36444001425485 2698.0094233119435 1473.4814132536133,1981.9681570870537 1177.1387939453125 2409.5696149553573 1311.1666782924108,0,0,0
568,73,1362.8861406492354 426.2746053917604 2690.157304865739 1474.5721997918804,1972.273472377232 1178.6038818359375 2400.010079520089 1312.5308663504463,0,0,0
569,73,1356.5071877472667 427.1847707692659 2682.3051864195354 1475.6629863301475,1962.5787876674108 1180.0689697265625 2390.4505440848216 1313.895054408482,0,0,0
570,73,1350.128234845298 428.0949361467715 2674.4530679733316 1476.7537728684147,1952.8841029575892 1181.5340576171875 2380.8910086495534 1315.259242466518,0,0,0
571,73,1343.7492819433294 429.005101524277 2666.600949527128 1477.8445594066818,1943.189418247768 1182.9991455078125 2371.331473214286 1316.6234305245537,0,0,0
572,73,1337.3703290413605 429.91526690178256 2658.7488310809235 1478.935345944949,1933.4947335379463 1184.4642333984375 2361.7719377790177 1317.9876185825892,0,0,0
573,73,1330.9913761393918 430.82543227928807 2650.8967126347197 1480.026132483216,1923.800048828125 1185.9293212890625 2352.21240234375 1319.351806640625,0,0,0
574,73,1324.6124232374232 431.7355976567936 2643.044594188516 1481.1169190214832,1914.1053641183037 1187.3944091796875 2342.6528669084823 1320.7159946986608,0,0,0
575,73,1318.2334703354543 432.64576303429914 2635.1924757423117 1482.2077055597504,1904.410679408482 1188.8594970703125 2333.093331473214 1322.0801827566963,0,0,0
576,73,1311.8545174334856 433.55592841180464 2627.340357296108 1483.2984920980175,1894.7159946986608 1190.3245849609375 2323.5337960379466 1323.444370814732,0,0,0
577,73,1305.475564531517 434.4660937893102 2619.488238849904 1484.3892786362846,1885.0213099888392 1191.7896728515625 2313.9742606026784 1324.808558872768,0,0,0
578,73,1299.0966116295483 435.3762591668157 2611.6361204037003 1485.4800651745518,1875.326625279018 1193.2547607421875 2304.414725167411 1326.1727469308037,0,0,0
579,73,1292.7176587275794 436.2864245443213 2603.784001957496 1486.570851712819,1865.6319405691963 1194.7198486328125 2294.8551897321427 1327.5369349888392,0,0,0
580,73,1286.3387058256108 437.1965899218268 2595.931883511292 1487.661638251086,1855.937255859375 1196.1849365234375 2285.295654296875 1328.901123046875,0.7581161260604858,54더2527,0.3481464446118645
581,73,1279.708295894445 438.421441726539 2587.558006502733 1488.940052811103,1845.6204833984375 1196.4371337890625 2275.15576171875 1329.6085611979167,0,0,0
582,73,1273.0778859632792 439.6462935312512 2579.184129494174 1490.2184673711197,1835.3037109375 1196.6893310546875 2265.015869140625 1330.3159993489583,0,0,0
583,73,1266.4474760321134 440.87114533596343 2570.810252485615 1491.4968819311366,1824.9869384765625 1196.9415283203125 2254.8759765625 1331.0234375,0.7608928084373474,54더2527,0.3691071787106336
584,73,1259.943043775871 443.2359114976108 2563.486072025623 1494.0849413060519,1818.8184814453125 1201.810302734375 2249.0341796875 1334.9825439453125,0.7576030492782593,54더2527,0.45580447496598836
585,73,1256.5232735816203 446.27659973469696 2558.2648964345763 1496.1428770916523,1811.8786010742188 1204.95947265625 2242.677734375 1337.9534301757812,0,0,0
586,73,1253.1035033873695 449.3172879717831 2553.043720843529 1498.2008128772525,1804.938720703125 1208.108642578125 2236.3212890625 1340.92431640625,0.7523723840713501,54더2527,0.887663347781302
587,73,1249.7791876892254 450.7858729021806 2548.5138332171 1499.9966057622337,1799.31201171875 1209.0574951171875 2231.460693359375 1341.3006591796875,0.7531685829162598,54더2527,0.9206606377868322
588,73,1248.2913200095527 454.4952240137697 2544.898973803628 1501.8043560036558,1793.1077880859375 1213.08251953125 2226.0841064453125 1345.546875,0,0,0
589,73,1246.8034523298802 458.2045751253588 2541.284114390156 1503.6121062450782,1786.903564453125 1217.1075439453125 2220.70751953125 1349.7930908203125,0.7484038472175598,54더2527,0.7901981661878238
590,73,1245.9701378078933 460.9973091008603 2537.6496949114944 1504.9334554421018,1777.144775390625 1219.2001953125 2212.821533203125 1349.886962890625,0.7418689131736755,54더2527,0.7209215461696082
591,73,1243.5309123490474 462.96818646233476 2531.9881779144584 1507.4033839432527,1774.620849609375 1220.252685546875 2205.1259765625 1351.1998291015625,0.7416902780532837,54더2527,0.9830227651017216
592,73,1241.242074369083 464.02644809926574 2527.0687746219337 1509.0752234828933,1767.1051025390625 1220.432861328125 2202.180419921875 1353.6673583984375,0.7422706484794617,54더2527,0.7382708015600341
593,73,1234.2421011559995 465.37342697959264 2520.1644770646776 1510.261310276178,1761.8082275390625 1223.9505615234375 2193.326904296875 1354.154296875,0.7391023635864258,54더2527,0.8895635714132937
594,73,1230.531769117195 466.47110524210945 2515.0361970804006 1510.7128547408809,1753.3474731445312 1224.55322265625 2185.5455322265625 1353.7885131835938,0,0,0
595,73,1226.82143707839 467.56878350462625 2509.907917096123 1511.1643992055838,1744.88671875 1225.1558837890625 2177.76416015625 1353.4227294921875,0.7384355664253235,54더2527,0.9366046746673672
596,73,1221.4388280472094 466.6383159835101 2503.708460975018 1509.5950496624746,1737.0787353515625 1225.2874755859375 2168.656494140625 1353.3519897460938,0,0,0
597,73,1216.0562190160288 465.70784846239394 2497.509004853913 1508.0257001193656,1729.270751953125 1225.4190673828125 2159.548828125 1353.28125,0.7392246723175049,54더2527,0.8181838289433826
432,77,1144.7563305710732 338.6310328029183 2772.017769460285 1665.100581591505,1802.135009765625 1304.1412353515625 2347.035888671875 1491.131591796875,0.7544274926185608,07가0818,0.6144625817236943
433,77,1130.4636517794277 339.83875665673406 2758.3873279186673 1666.0637838777284,1786.7237548828125 1306.3656005859375 2331.40673828125 1492.9306640625,0.7546414136886597,07가0818,0.7164708988297365
434,77,1118.2431703431585 340.6952313089108 2746.3900333697875 1667.4072817173546,1774.1041259765625 1304.9093017578125 2312.912353515625 1491.2974853515625,0.7552515268325806,07가0818,0.9760586939038567
435,77,1106.8395367717585 341.11018952422864 2734.161618823302 1668.0679840222845,1758.49365234375 1304.702392578125 2297.1591796875 1490.987548828125,0.7524417638778687,07가0818,0.9798621727692532
436,77,1096.7496535344794 340.61930453376056 2721.4464439465196 1667.8918723177267,1744.5267333984375 1305.20849609375 2283.79931640625 1491.2158203125,0.7550858855247498,07가0818,0.9920935706722266
437,77,1085.37243861454 340.7815700078065 2709.9949669517605 1667.8209373703385,1730.195068359375 1304.2135009765625 2272.839111328125 1490.081298828125,0.7525498270988464,07가0818,0.93920822651306
438,77,1073.8378923862738 339.72185514198725 2696.5201856297035 1665.9178102769633,1719.2076416015625 1305.6329345703125 2257.5830078125 1486.6715087890625,0.7511769533157349,07가0818,0.9588207305044768
439,77,1063.3336275124313 338.7402412361946 2684.061924291712 1664.0539234790192,1704.4110107421875 1303.939453125 2244.1728515625 1485.939697265625,0.7527227401733398,07가0818,0.934132856024121
440,77,1053.2856482423208 338.0496591184259 2671.673671849436 1661.8490444962463,1691.766357421875 1305.742431640625 2231.58251953125 1485.2557373046875,0.7525407671928406,07가0818,0.9077250394751892
441,77,1042.29844426123 338.2533741002402 2658.2429864659753 1660.860661298551,1675.519775390625 1302.58203125 2216.46826171875 1483.6737060546875,0.7535870671272278,07가0818,0.852130381290389
442,77,1030.777508373979 338.2021359897424 2646.190721399606 1660.369114275706,1665.451171875 1302.628173828125 2204.511474609375 1484.10107421875,0.753971517086029,07가0818,0.7207582705577061
443,77,1020.9483397284396 338.7068656517346 2636.6541925802767 1659.8591568443308,1652.80810546875 1301.55517578125 2192.92822265625 1483.593505859375,0.7539432644844055,07가0818,0.8509129900325512
444,77,1013.5143246034934 338.2338137802965 2631.16425084598 1659.3044019336594,1642.764404296875 1303.1060791015625 2183.10791015625 1482.8756103515625,0.7521674633026123,07가0818,0.9940823899641721
445,77,1001.6154936289042 339.0763181808521 2617.9953897334935 1659.043181538007,1629.076904296875 1302.651123046875 2168.822021484375 1482.5350341796875,0.7514097690582275,07가0818,0.9237097505159207
446,77,994.6229409790056 339.22082307805135 2617.981942683683 1658.8583440931325,1618.4432373046875 1304.85986328125 2156.818603515625 1482.169677734375,0.7504018545150757,07가0818,0.9861766902574325
447,77,990.0051365642397 339.13811250415085 2625.3054025765273 1658.975129938789,1604.8157958984375 1306.436279296875 2144.52783203125 1482.3570556640625,0.7510245442390442,07가0818,0.9808444588342069
448,77,974.3864049264591 338.5759005710254 2612.1134455861447 1658.5091837949967,1594.200439453125 1306.5462646484375 2133.981689453125 1483.6173095703125,0.7513976097106934,07가0818,0.7511520207839867
449,77,958.602625024835 338.12501456088114 2593.31623480792 1658.087295493514,1580.810302734375 1307.1475830078125 2118.474609375 1488.59814453125,0.7519663572311401,07가0818,0.6465368380890266
450,77,944.0735158626858 338.05223890125706 2576.4731014372956 1658.8002400052783,1567.435546875 1309.15576171875 2106.873046875 1489.58935546875,0.750481367111206,07가0818,0.9120121964532567
451,77,932.7257191050975 338.2637991239798 2566.0838586043346 1659.6379316781138,1554.0077311197917 1309.007568359375 2094.9853515625 1490.4241129557292,0,0,0
452,77,921.3779223475093 338.47535934670265 2555.6946157713737 1660.4756233509495,1540.5799153645833 1308.859375 2083.09765625 1491.2588704427083,0,0,0
453,77,910.030125589921 338.6869195694254 2545.305372938413 1661.313315023785,1527.152099609375 1308.711181640625 2071.2099609375 1492.0936279296875,0.7512544393539429,07가0818,0.8109086899618352
454,77,896.0580296275734 338.61578058289024 2532.092279988588 1661.7816469207917,1513.5159912109375 1309.29931640625 2059.12353515625 1492.449462890625,0.7523618936538696,07가0818,0.7799828260384023
455,77,883.1278373399573 337.736677111666 2518.946575383862 1662.1528447979645,1498.043701171875 1310.0352172851562 2045.6525268554688 1491.454833984375,0,0,0
456,77,870.197645052341 336.85757364044173 2505.8008707791364 1662.524042675137,1482.5714111328125 1310.7711181640625 2032.1815185546875 1490.460205078125,0.7517982125282288,07가0818,0.7077737055493145
457,77,857.9463981618046 336.1846411593304 2492.2815496130875 1662.2667884172085,1465.1435148451064 1310.4657304551865 2015.6204418606228 1490.2747463650173,0,0,0
458,77,845.6951512712682 335.511708678219 2478.762228447039 1662.0095341592803,1447.7156185574001 1310.1603427463108 1999.059365166558 1490.0892876519097,0,0,0
459,77,833.4439043807317 334.8387761971077 2465.24290728099 1661.7522799013518,1430.287722269694 1309.8549550374348 1982.4982884724934 1489.903828938802,0,0,0
460,77,821.1926574901953 334.16584371599635 2451.723586114941 1661.4950256434236,1412.8598259819878 1309.549567328559 1965.9372117784287 1489.7183702256943,0,0,0
461,77,808.9414105996589 333.49291123488496 2438.204264948892 1661.237771385495,1395.4319296942817 1309.244179619683 1949.3761350843643 1489.532911512587,0,0,0
462,77,796.6901637091223 332.8199787537736 2424.6849437828437 1660.9805171275668,1378.0040334065754 1308.9387919108074 1932.8150583902996 1489.3474527994792,0,0,0
463,77,784.438916818586 332.14704627266224 2411.1656226167947 1660.7232628696383,1360.5761371188694 1308.6334042019314 1916.2539816962349 1489.1619940863716,0,0,0
464,77,772.1876699280494 331.4741137915509 2397.646301450746 1660.46600861171,1343.148240831163 1308.3280164930557 1899.6929050021702 1488.976535373264,0,0,0
465,77,759.936423037513 330.8011813104396 2384.1269802846973 1660.2087543537816,1325.720344543457 1308.0226287841797 1883.1318283081055 1488.7910766601562,0,0,0
466,77,747.6851761469766 330.1282488293282 2370.6076591186484 1659.9515000958531,1308.292448255751 1307.7172410753037 1866.5707516140408 1488.6056179470486,0,0,0
467,77,735.4339292564401 329.45531634821685 2357.0883379525994 1659.6942458379249,1290.8645519680447 1307.411853366428 1850.009674919976 1488.420159233941,0,0,0
468,77,723.1826823659037 328.7823838671055 2343.5690167865505 1659.4369915799964,1273.4366556803386 1307.106465657552 1833.4485982259114 1488.2347005208333,0,0,0
469,77,710.9314354753673 328.10945138599413 2330.049695620502 1659.1797373220681,1256.0087593926323 1306.8010779486763 1816.8875215318467 1488.0492418077256,0,0,0
470,77,698.6801885848308 327.4365189048828 2316.530374454453 1658.9224830641397,1238.5808631049263 1306.4956902398003 1800.3264448377822 1487.8637830946182,0,0,0
471,77,686.4289416942944 326.76358642377147 2303.011053288404 1658.6652288062114,1221.1529668172202 1306.1903025309246 1783.7653681437175 1487.6783243815105,0,0,0
472,77,674.177694803758 326.0906539426601 2289.491732122355 1658.407974548283,1203.725070529514 1305.8849148220486 1767.2042914496528 1487.4928656684028,0,0,0
473,77,661.9264479132215 325.41772146154875 2275.9724109563067 1658.1507202903547,1186.2971742418076 1305.5795271131728 1750.6432147555881 1487.3074069552952,0,0,0
474,77,649.6752010226851 324.7447889804374 2262.4530897902578 1657.8934660324262,1168.8692779541016 1305.2741394042969 1734.0821380615234 1487.1219482421875,0,0,0
475,77,637.4239541321485 324.07185649932603 2248.933768624209 1657.6362117744977,1151.4413816663955 1304.968751695421 1717.5210613674587 1486.9364895290798,0,0,0
476,77,625.1727072416122 323.3989240182147 2235.41444745816 1657.3789575165695,1134.0134853786892 1304.6633639865452 1700.959984673394 1486.7510308159722,0,0,0
477,77,612.9214603510757 322.7259915371033 2221.8951262921114 1657.121703258641,1116.5855890909831 1304.3579762776692 1684.3989079793294 1486.5655721028645,0,0,0
478,77,600.6702134605393 322.053059055992 2208.3758051260625 1656.8644490007127,1099.1576928032769 1304.0525885687935 1667.8378312852647 1486.3801133897568,0,0,0
479,77,588.4189665700028 321.38012657488065 2194.8564839600135 1656.6071947427843,1081.7297965155708 1303.7472008599175 1651.2767545912002 1486.1946546766494,0,0,0
480,77,576.1677196794664 320.70719409376926 2181.337162793965 1656.349940484856,1064.3019002278647 1303.4418131510417 1634.7156778971353 1486.0091959635417,0,0,0
481,77,563.9164727889299 320.03426161265793 2167.817841627916 1656.0926862269275,1046.8740039401584 1303.1364254421658 1618.1546012030708 1485.823737250434,0,0,0
482,77,551.6652258983935 319.3613291315466 2154.298520461867 1655.8354319689993,1029.4461076524522 1302.83103773329 1601.593524509006 1485.6382785373264,0,0,0
483,77,539.413979007857 318.6883966504352 2140.779199295818 1655.5781777110708,1012.0182113647461 1302.525650024414 1585.0324478149414 1485.4528198242188,0,0,0
484,77,527.1627321173206 318.0154641693239 2127.2598781297697 1655.3209234531423,994.59031507704 1302.220262315538 1568.4713711208767 1485.267361111111,0,0,0
485,77,514.9114852267842 317.3425316882125 2113.740556963721 1655.063669195214,977.1624187893337 1301.9148746066624 1551.910294426812 1485.0819023980034,0,0,0
486,77,502.6602383362477 316.66959920710116 2100.221235797672 1654.8064149372856,959.7345225016277 1301.6094868977864 1535.3492177327473 1484.8964436848958,0,0,0
487,77,490.40899144571125 315.9966667259898 2086.7019146316234 1654.5491606793573,942.3066262139215 1301.3040991889106 1518.7881410386826 1484.710984971788,0,0,0
488,77,478.1577445551748 315.32373424487844 2073.1825934655744 1654.2919064214288,924.8787299262153 1300.9987114800347 1502.2270643446182 1484.5255262586807,0,0,0
489,77,465.9064976646384 314.6508017637671 2059.6632722995255 1654.0346521635006,907.4508336385092 1300.693323771159 1485.6659876505532 1484.340067545573,0,0,0
490,77,453.65525077410194 313.9778692826558 2046.1439511334768 1653.7773979055721,890.022937350803 1300.387936062283 1469.1049109564888 1484.1546088324653,0,0,0
491,77,441.4040038835655 313.3049368015444 2032.624629967428 1653.5201436476439,872.5950410630968 1300.0825483534072 1452.543834262424 1483.9691501193577,0,0,0
492,77,429.152756993029 312.63200432043305 2019.1053088013791 1653.2628893897154,855.1671447753906 1299.7771606445312 1435.9827575683594 1483.78369140625,0,0,0
493,77,416.9015101024926 311.9590718393217 2005.5859876353302 1653.005635131787,837.7392484876846 1299.4717729356553 1419.4216808742947 1483.5982326931423,0,0,0
494,77,404.65026321195614 311.28613935821033 1992.0666664692815 1652.7483808738587,820.3113521999784 1299.1663852267795 1402.86060418023 1483.4127739800347,0,0,0
495,77,392.3990163214197 310.613206877099 1978.5473453032328 1652.4911266159302,802.8834559122722 1298.8609975179036 1386.2995274861655 1483.227315266927,0,0,0
496,77,380.1477694308833 309.9402743959877 1965.0280241371838 1652.233872358002,785.455559624566 1298.5556098090278 1369.7384507921006 1483.0418565538193,0,0,0
497,77,367.89652254034684 309.2673419148763 1951.5087029711349 1651.9766181000734,768.0276633368599 1298.2502221001519 1353.1773740980361 1482.856397840712,0,0,0
498,77,355.6452756498104 308.59440943376495 1937.9893818050864 1651.7193638421452,750.5997670491537 1297.9448343912761 1336.6162974039712 1482.6709391276042,0,0,0
499,77,343.39402875927397 307.92147695265356 1924.4700606390375 1651.4621095842167,733.1718707614475 1297.6394466824001 1320.0552207099067 1482.4854804144966,0,0,0
500,77,331.14278186873753 307.24854447154223 1910.9507394729885 1651.2048553262885,715.7439744737414 1297.3340589735244 1303.494144015842 1482.300021701389,0,0,0
501,77,318.891534978201 306.5756119904309 1897.4314183069398 1650.94760106836,698.3160781860353 1297.0286712646484 1286.9330673217773 1482.1145629882812,0,0,0
502,77,306.64028808766454 305.9026795093195 1883.912097140891 1650.6903468104315,680.8881818983291 1296.7232835557725 1270.3719906277126 1481.9291042751736,0,0,0
503,77,294.3890411971281 305.2297470282082 1870.3927759748422 1650.4330925525032,663.4602856106229 1296.4178958468967 1253.810913933648 1481.743645562066,0,0,0
504,77,282.1377943065917 304.55681454709685 1856.8734548087932 1650.1758382945748,646.0323893229167 1296.1125081380208 1237.2498372395833 1481.5581868489583,0,0,0
505,77,269.88654741605524 303.88388206598546 1843.3541336427445 1649.9185840366465,628.6044930352106 1295.807120429145 1220.6887605455186 1481.3727281358506,0,0,0
506,77,257.6353005255188 303.21094958487413 1829.8348124766958 1649.661329778718,611.1765967475044 1295.501732720269 1204.127683851454 1481.1872694227432,0,0,0
507,77,245.38405363498237 302.5380171037628 1816.3154913106468 1649.4040755207898,593.7487004597982 1295.1963450113933 1187.5666071573892 1481.0018107096355,0,0,0
508,77,233.13280674444593 301.8650846226514 1802.7961701445981 1649.1468212628613,576.320804172092 1294.8909573025173 1171.0055304633247 1480.8163519965278,0,0,0
509,77,220.8815598539095 301.1921521415401 1789.2768489785494 1648.889567004933,558.892907884386 1294.5855695936416 1154.44445376926 1480.6308932834202,0,0,0
510,77,208.63031296337306 300.5192196604287 1775.7575278125005 1648.6323127470046,541.4650115966798 1294.2801818847656 1137.8833770751953 1480.4454345703125,0,0,0
511,77,196.37906607283662 299.84628717931736 1762.2382066464515 1648.375058489076,524.0371153089736 1293.9747941758897 1121.3223003811306 1480.2599758572048,0,0,0
512,77,184.1278191823002 299.173354698206 1748.7188854804028 1648.1178042311478,506.60921902126745 1293.669406467014 1104.761223687066 1480.0745171440972,0,0,0
513,77,171.87657229176375 298.50042221709464 1735.1995643143541 1647.8605499732193,489.1813227335613 1293.364018758138 1088.2001469930012 1479.8890584309895,0,0,0
514,77,159.6253254012272 297.8274897359833 1721.6802431483052 1647.603295715291,471.7534264458551 1293.0586310492622 1071.6390702989365 1479.7035997178818,0,0,0
515,77,147.37407851069077 297.154557254872 1708.1609219822562 1647.3460414573626,454.3255301581489 1292.7532433403862 1055.077993604872 1479.5181410047744,0,0,0
516,77,135.12283162015433 296.4816247737606 1694.6416008162078 1647.0887871994344,436.89763387044286 1292.4478556315105 1038.5169169108071 1479.3326822916667,0,0,0
517,77,122.8715847296179 295.80869229264925 1681.1222796501588 1646.8315329415059,419.46973758273657 1292.1424679226345 1021.9558402167426 1479.147223578559,0,0,0
518,77,110.62033783908146 295.1357598115379 1667.6029584841099 1646.5742786835776,402.0418412950305 1291.8370802137588 1005.394763522678 1478.9617648654514,0,0,0
519,77,98.36909094854502 294.46282733042653 1654.0836373180612 1646.3170244256492,384.6139450073242 1291.5316925048828 988.8336868286133 1478.7763061523438,0,0,0
520,77,86.11784405800859 293.7898948493152 1640.5643161520125 1646.0597701677207,367.18604871961816 1291.2263047960068 972.2726101345486 1478.590847439236,0,0,0
521,77,73.86659716747215 293.1169623682039 1627.0449949859635 1645.8025159097924,349.7581524319121 1290.920917087131 955.7115334404839 1478.4053887261284,0,0,0
522,77,61.615350276935715 292.4440298870925 1613.5256738199146 1645.545261651864,332.3302561442058 1290.6155293782551 939.1504567464192 1478.2199300130208,0,0,0
523,77,49.36410338639928 291.77109740598115 1600.0063526538659 1645.2880073939357,314.90235985649974 1290.3101416693794 922.5893800523545 1478.034471299913,0,0,0
524,77,37.11285649586284 291.09816492486976 1586.4870314878171 1645.0307531360072,297.47446356879345 1290.0047539605034 906.0283033582898 1477.8490125868057,0,0,0
525,77,24.861609605326407 290.42523244375843 1572.9677103217682 1644.773498878079,280.0465672810874 1289.6993662516277 889.4672266642253 1477.663553873698,0,0,0
526,77,12.610362714789972 289.7522999626471 1559.4483891557195 1644.5162446201505,262.6186709933811 1289.3939785427517 872.9061499701606 1477.4780951605903,0,0,0
527,77,0.35911582425342203 289.0793674815357 1545.9290679896708 1644.2589903622222,245.19077470567504 1289.088590833876 856.345073276096 1477.2926364474827,0,0,0
528,77,-11.892131066283014 288.4064350004244 1532.4097468236218 1644.0017361042937,227.76287841796875 1288.783203125 839.7839965820312 1477.107177734375,0.7759201526641846,07가0818,0.7963109191544481
529,77,-12.624074162697752 288.6029325816605 1520.215057733533 1644.5302929545542,207.14675903320312 1287.8353271484375 824.5479736328125 1478.7738037109375,0.7758874893188477,07가0818,0.7801558043169239
530,77,-12.408306226284708 288.9195052498292 1509.5332035619185 1645.1775709942042,196.38973999023438 1286.24755859375 810.2279663085938 1488.4501953125,0.7708312273025513,07가0818,0.7049531398121438
520,91,1455.1116322258229 463.22291889782525 1798.7231378842164 764.6744470559291,1613.8023681640625 653.772216796875 1723.802978515625 709.99658203125,0.38157474994659424,20조8094,0.9768787849891422
521,91,1449.1858536016202 459.920732018226 1793.6551625518946 760.7882400566756,1620.874267578125 653.5267333984375 1722.5208740234375 708.2357177734375,0.32295122742652893,20조8094,0.9711126227166849
